edition,edition_id,year,country,country_noc,gold,silver,bronze,total,Games,City,unique_event_count,unique_athlete_count,unique_male_count,unique_female_count,total_medals_noc_year,host_noc,is_host,is_host_int
1924 Winter Olympics,29,1924,Norway,NOR,4,7,6,17,1924 Winter,Chamonix,10.0,14.0,13.0,1.0,17.0,FRA,False,0
1924 Winter Olympics,29,1924,Belgium,BEL,0,0,1,1,1924 Winter,Chamonix,8.0,18.0,17.0,1.0,1.0,FRA,False,0
1924 Winter Olympics,29,1924,France,FRA,0,0,3,3,1924 Winter,Chamonix,16.0,43.0,41.0,2.0,3.0,FRA,True,1
1924 Winter Olympics,29,1924,Canada,CAN,1,0,0,1,1924 Winter,Chamonix,8.0,12.0,11.0,1.0,1.0,FRA,False,0
1924 Winter Olympics,29,1924,Sweden,SWE,1,1,0,2,1924 Winter,Chamonix,11.0,31.0,31.0,0.0,2.0,FRA,False,0
1924 Winter Olympics,29,1924,United States,USA,1,2,1,4,1924 Winter,Chamonix,11.0,24.0,22.0,2.0,4.0,FRA,False,0
1924 Winter Olympics,29,1924,Switzerland,SUI,2,0,1,3,1924 Winter,Chamonix,8.0,30.0,30.0,0.0,3.0,FRA,False,0
1924 Winter Olympics,29,1924,Austria,AUT,2,1,0,3,1924 Winter,Chamonix,3.0,4.0,2.0,2.0,3.0,FRA,False,0
1924 Winter Olympics,29,1924,Finland,FIN,4,4,3,11,1924 Winter,Chamonix,11.0,17.0,16.0,1.0,11.0,FRA,False,0
1924 Winter Olympics,29,1924,Great Britain,GBR,1,1,2,4,1924 Winter,Chamonix,10.0,44.0,41.0,3.0,5.0,FRA,False,0
1928 Winter Olympics,30,1928,Belgium,BEL,0,0,1,1,1928 Winter,Sankt Moritz,4.0,25.0,24.0,1.0,1.0,SUI,False,0
1928 Winter Olympics,30,1928,Switzerland,SUI,0,0,1,1,1928 Winter,Sankt Moritz,9.0,41.0,40.0,1.0,1.0,SUI,True,1
1928 Winter Olympics,30,1928,Great Britain,GBR,0,0,1,1,1928 Winter,Sankt Moritz,9.0,32.0,29.0,3.0,1.0,SUI,False,0
1928 Winter Olympics,30,1928,Germany,GER,0,0,1,1,1928 Winter,Sankt Moritz,12.0,44.0,39.0,5.0,1.0,SUI,False,0
1928 Winter Olympics,30,1928,Czechoslovakia,TCH,0,0,1,1,1928 Winter,Sankt Moritz,7.0,25.0,24.0,1.0,1.0,SUI,False,0
1928 Winter Olympics,30,1928,Austria,AUT,0,3,1,4,1928 Winter,Sankt Moritz,13.0,39.0,34.0,5.0,4.0,SUI,False,0
1928 Winter Olympics,30,1928,Sweden,SWE,2,2,1,5,1928 Winter,Sankt Moritz,10.0,24.0,24.0,0.0,5.0,SUI,False,0
1928 Winter Olympics,30,1928,Canada,CAN,1,0,0,1,1928 Winter,Sankt Moritz,10.0,23.0,20.0,3.0,1.0,SUI,False,0
1928 Winter Olympics,30,1928,Finland,FIN,2,1,1,4,1928 Winter,Sankt Moritz,10.0,18.0,17.0,1.0,4.0,SUI,False,0
1928 Winter Olympics,30,1928,United States,USA,2,2,2,6,1928 Winter,Sankt Moritz,12.0,24.0,21.0,3.0,6.0,SUI,False,0
1928 Winter Olympics,30,1928,Norway,NOR,6,4,5,15,1928 Winter,Sankt Moritz,9.0,25.0,22.0,3.0,15.0,SUI,False,0
1928 Winter Olympics,30,1928,France,FRA,1,0,0,1,1928 Winter,Sankt Moritz,13.0,38.0,36.0,2.0,1.0,SUI,False,0
1932 Winter Olympics,31,1932,France,FRA,1,0,0,1,1932 Winter,Lake Placid,3.0,8.0,7.0,1.0,1.0,USA,False,0
1932 Winter Olympics,31,1932,Hungary,HUN,0,0,1,1,1932 Winter,Lake Placid,1.0,4.0,2.0,2.0,1.0,USA,False,0
1932 Winter Olympics,31,1932,Germany,GER,0,0,2,2,1932 Winter,Lake Placid,4.0,20.0,20.0,0.0,2.0,USA,False,0
1932 Winter Olympics,31,1932,Switzerland,SUI,0,1,0,1,1932 Winter,Lake Placid,4.0,7.0,7.0,0.0,1.0,USA,False,0
1932 Winter Olympics,31,1932,Austria,AUT,1,1,0,2,1932 Winter,Lake Placid,6.0,7.0,6.0,1.0,2.0,USA,False,0
1932 Winter Olympics,31,1932,Norway,NOR,3,4,3,10,1932 Winter,Lake Placid,9.0,19.0,18.0,1.0,10.0,USA,False,0
1932 Winter Olympics,31,1932,Canada,CAN,1,1,5,7,1932 Winter,Lake Placid,12.0,42.0,38.0,4.0,7.0,USA,False,0
1932 Winter Olympics,31,1932,Sweden,SWE,1,2,0,3,1932 Winter,Lake Placid,9.0,12.0,11.0,1.0,3.0,USA,False,0
1932 Winter Olympics,31,1932,United States,USA,6,4,2,12,1932 Winter,Lake Placid,14.0,64.0,58.0,6.0,12.0,USA,True,1
1932 Winter Olympics,31,1932,Finland,FIN,1,1,1,3,1932 Winter,Lake Placid,6.0,7.0,7.0,0.0,3.0,USA,False,0
1936 Winter Olympics,32,1936,Hungary,HUN,0,0,1,1,1936 Winter,Garmisch-Partenkirchen,9.0,25.0,22.0,3.0,1.0,GER,False,0
1936 Winter Olympics,32,1936,France,FRA,0,0,1,1,1936 Winter,Garmisch-Partenkirchen,6.0,28.0,28.0,0.0,1.0,GER,False,0
1936 Winter Olympics,32,1936,Canada,CAN,0,1,0,1,1936 Winter,Garmisch-Partenkirchen,13.0,29.0,22.0,7.0,1.0,GER,False,0
1936 Winter Olympics,32,1936,United States,USA,1,0,3,4,1936 Winter,Garmisch-Partenkirchen,17.0,55.0,46.0,9.0,4.0,GER,False,0
1936 Winter Olympics,32,1936,Austria,AUT,1,1,2,4,1936 Winter,Garmisch-Partenkirchen,15.0,60.0,50.0,10.0,4.0,GER,False,0
1936 Winter Olympics,32,1936,Great Britain,GBR,1,1,1,3,1936 Winter,Garmisch-Partenkirchen,10.0,38.0,28.0,10.0,3.0,GER,False,0
1936 Winter Olympics,32,1936,Finland,FIN,1,2,3,6,1936 Winter,Garmisch-Partenkirchen,10.0,19.0,19.0,0.0,6.0,GER,False,0
1936 Winter Olympics,32,1936,Sweden,SWE,2,2,3,7,1936 Winter,Garmisch-Partenkirchen,12.0,32.0,31.0,1.0,7.0,GER,False,0
1936 Winter Olympics,32,1936,Germany,GER,3,3,0,6,1936 Winter,Garmisch-Partenkirchen,17.0,55.0,48.0,7.0,6.0,GER,True,1
1936 Winter Olympics,32,1936,Norway,NOR,7,5,3,15,1936 Winter,Garmisch-Partenkirchen,13.0,31.0,25.0,6.0,15.0,GER,False,0
1936 Winter Olympics,32,1936,Switzerland,SUI,1,2,0,3,1936 Winter,Garmisch-Partenkirchen,9.0,34.0,30.0,4.0,3.0,GER,False,0
1948 Winter Olympics,33,1948,Belgium,BEL,1,1,0,2,1948 Winter,Sankt Moritz,10.0,11.0,10.0,1.0,2.0,SUI,False,0
1948 Winter Olympics,33,1948,Great Britain,GBR,0,0,2,2,1948 Winter,Sankt Moritz,17.0,55.0,43.0,12.0,2.0,SUI,False,0
1948 Winter Olympics,33,1948,Hungary,HUN,0,1,0,1,1948 Winter,Sankt Moritz,15.0,22.0,17.0,5.0,1.0,SUI,False,0
1948 Winter Olympics,33,1948,Czechoslovakia,TCH,0,1,0,1,1948 Winter,Sankt Moritz,21.0,47.0,41.0,6.0,1.0,SUI,False,0
1948 Winter Olympics,33,1948,Italy,ITA,1,0,0,1,1948 Winter,Sankt Moritz,21.0,54.0,51.0,3.0,1.0,SUI,False,0
1948 Winter Olympics,33,1948,Austria,AUT,1,3,4,8,1948 Winter,Sankt Moritz,20.0,54.0,42.0,12.0,8.0,SUI,False,0
1948 Winter Olympics,33,1948,Finland,FIN,1,3,2,6,1948 Winter,Sankt Moritz,12.0,24.0,24.0,0.0,6.0,SUI,False,0
1948 Winter Olympics,33,1948,Canada,CAN,2,0,1,3,1948 Winter,Sankt Moritz,16.0,28.0,24.0,4.0,3.0,SUI,False,0
1948 Winter Olympics,33,1948,France,FRA,2,1,2,5,1948 Winter,Sankt Moritz,15.0,36.0,28.0,8.0,5.0,SUI,False,0
1948 Winter Olympics,33,1948,United States,USA,3,4,2,9,1948 Winter,Sankt Moritz,20.0,69.0,59.0,10.0,8.0,SUI,False,0
1948 Winter Olympics,33,1948,Switzerland,SUI,3,4,3,10,1948 Winter,Sankt Moritz,21.0,70.0,59.0,11.0,9.0,SUI,True,1
1948 Winter Olympics,33,1948,Sweden,SWE,4,3,3,10,1948 Winter,Sankt Moritz,16.0,43.0,42.0,1.0,10.0,SUI,False,0
1948 Winter Olympics,33,1948,Norway,NOR,4,3,3,10,1948 Winter,Sankt Moritz,19.0,49.0,45.0,4.0,10.0,SUI,False,0
1952 Winter Olympics,34,1952,Hungary,HUN,0,0,1,1,1952 Winter,Oslo,14.0,12.0,8.0,4.0,1.0,NOR,False,0
1952 Winter Olympics,34,1952,France,FRA,0,0,1,1,1952 Winter,Oslo,15.0,26.0,20.0,6.0,1.0,NOR,False,0
1952 Winter Olympics,34,1952,Switzerland,SUI,0,0,2,2,1952 Winter,Oslo,17.0,55.0,46.0,9.0,2.0,NOR,False,0
1952 Winter Olympics,34,1952,Sweden,SWE,0,0,4,4,1952 Winter,Oslo,20.0,65.0,56.0,9.0,4.0,NOR,False,0
1952 Winter Olympics,34,1952,Netherlands,NED,0,3,0,3,1952 Winter,Oslo,9.0,11.0,9.0,2.0,3.0,NOR,False,0
1952 Winter Olympics,34,1952,Great Britain,GBR,1,0,0,1,1952 Winter,Oslo,12.0,18.0,8.0,10.0,1.0,NOR,False,0
1952 Winter Olympics,34,1952,Italy,ITA,1,0,1,2,1952 Winter,Oslo,17.0,33.0,28.0,5.0,2.0,NOR,False,0
1952 Winter Olympics,34,1952,Canada,CAN,1,0,1,2,1952 Winter,Oslo,16.0,39.0,31.0,8.0,2.0,NOR,False,0
1952 Winter Olympics,34,1952,Austria,AUT,2,4,2,8,1952 Winter,Oslo,20.0,39.0,31.0,8.0,8.0,NOR,False,0
1952 Winter Olympics,34,1952,Germany,GER,3,2,2,7,1952 Winter,Oslo,21.0,53.0,41.0,12.0,7.0,NOR,False,0
1952 Winter Olympics,34,1952,Finland,FIN,3,4,2,9,1952 Winter,Oslo,16.0,50.0,45.0,5.0,9.0,NOR,False,0
1952 Winter Olympics,34,1952,United States,USA,4,6,1,11,1952 Winter,Oslo,20.0,66.0,56.0,10.0,11.0,NOR,False,0
1952 Winter Olympics,34,1952,Norway,NOR,7,3,6,16,1952 Winter,Oslo,21.0,73.0,61.0,12.0,16.0,NOR,True,1
1956 Winter Olympics,35,1956,Poland,POL,0,0,1,1,1956 Winter,Cortina d'Ampezzo,17.0,51.0,44.0,7.0,1.0,ITA,False,0
1956 Winter Olympics,35,1956,Hungary,HUN,0,0,1,1,1956 Winter,Cortina d'Ampezzo,1.0,2.0,1.0,1.0,1.0,ITA,False,0
1956 Winter Olympics,35,1956,Japan,JPN,0,1,0,1,1956 Winter,Cortina d'Ampezzo,12.0,10.0,10.0,0.0,1.0,ITA,False,0
1956 Winter Olympics,35,1956,Canada,CAN,0,1,2,3,1956 Winter,Cortina d'Ampezzo,19.0,35.0,27.0,8.0,3.0,ITA,False,0
1956 Winter Olympics,35,1956,Germany,GER,1,0,1,2,1956 Winter,Cortina d'Ampezzo,24.0,63.0,52.0,11.0,2.0,ITA,False,0
1956 Winter Olympics,35,1956,Italy,ITA,1,2,0,3,1956 Winter,Cortina d'Ampezzo,22.0,65.0,53.0,12.0,3.0,ITA,True,1
1956 Winter Olympics,35,1956,Norway,NOR,2,1,1,4,1956 Winter,Cortina d'Ampezzo,20.0,45.0,37.0,8.0,4.0,ITA,False,0
1956 Winter Olympics,35,1956,Sweden,SWE,2,4,4,10,1956 Winter,Cortina d'Ampezzo,22.0,58.0,50.0,8.0,10.0,ITA,False,0
1956 Winter Olympics,35,1956,Switzerland,SUI,3,2,1,6,1956 Winter,Cortina d'Ampezzo,19.0,59.0,51.0,8.0,6.0,ITA,False,0
1956 Winter Olympics,35,1956,Finland,FIN,3,3,1,7,1956 Winter,Cortina d'Ampezzo,16.0,31.0,27.0,4.0,7.0,ITA,False,0
1956 Winter Olympics,35,1956,Austria,AUT,4,3,4,11,1956 Winter,Cortina d'Ampezzo,20.0,60.0,50.0,10.0,11.0,ITA,False,0
1956 Winter Olympics,35,1956,Soviet Union,URS,7,3,6,16,1956 Winter,Cortina d'Ampezzo,19.0,53.0,47.0,6.0,15.0,ITA,False,0
1956 Winter Olympics,35,1956,United States,USA,2,3,2,7,1956 Winter,Cortina d'Ampezzo,21.0,67.0,57.0,10.0,7.0,ITA,False,0
1960 Winter Olympics,36,1960,Finland,FIN,2,3,3,8,1960 Winter,Squaw Valley,18.0,48.0,42.0,6.0,8.0,USA,False,0
1960 Winter Olympics,36,1960,Poland,POL,0,1,1,2,1960 Winter,Squaw Valley,11.0,13.0,7.0,6.0,2.0,USA,False,0
1960 Winter Olympics,36,1960,Netherlands,NED,0,1,1,2,1960 Winter,Squaw Valley,5.0,7.0,5.0,2.0,2.0,USA,False,0
1960 Winter Olympics,36,1960,France,FRA,1,0,2,3,1960 Winter,Squaw Valley,21.0,26.0,18.0,8.0,3.0,USA,False,0
1960 Winter Olympics,36,1960,Austria,AUT,1,2,3,6,1960 Winter,Squaw Valley,15.0,26.0,17.0,9.0,6.0,USA,False,0
1960 Winter Olympics,36,1960,Switzerland,SUI,2,0,0,2,1960 Winter,Squaw Valley,12.0,21.0,14.0,7.0,2.0,USA,False,0
1960 Winter Olympics,36,1960,Sweden,SWE,3,2,2,7,1960 Winter,Squaw Valley,18.0,47.0,41.0,6.0,7.0,USA,False,0
1960 Winter Olympics,36,1960,Czechoslovakia,TCH,0,1,0,1,1960 Winter,Squaw Valley,6.0,21.0,20.0,1.0,1.0,USA,False,0
1960 Winter Olympics,36,1960,Norway,NOR,3,3,0,6,1960 Winter,Squaw Valley,17.0,29.0,25.0,4.0,6.0,USA,False,0
1960 Winter Olympics,36,1960,United States,USA,3,4,3,10,1960 Winter,Squaw Valley,25.0,79.0,61.0,18.0,10.0,USA,True,1
1960 Winter Olympics,36,1960,Germany,GER,4,3,1,8,1960 Winter,Squaw Valley,27.0,74.0,56.0,18.0,8.0,USA,False,0
1960 Winter Olympics,36,1960,Soviet Union,URS,7,5,9,21,1960 Winter,Squaw Valley,22.0,62.0,48.0,14.0,21.0,USA,False,0
1960 Winter Olympics,36,1960,Canada,CAN,2,1,1,4,1960 Winter,Squaw Valley,22.0,44.0,34.0,10.0,4.0,USA,False,0
1960 Winter Olympics,36,1960,Italy,ITA,0,0,1,1,1960 Winter,Squaw Valley,17.0,28.0,21.0,7.0,1.0,USA,False,0
1964 Winter Olympics,37,1964,Netherlands,NED,1,1,0,2,1964 Winter,Innsbruck,7.0,6.0,4.0,2.0,2.0,AUT,False,0
1964 Winter Olympics,37,1964,Great Britain,GBR,1,0,0,1,1964 Winter,Innsbruck,19.0,36.0,27.0,9.0,1.0,AUT,False,0
1964 Winter Olympics,37,1964,Canada,CAN,1,1,1,3,1964 Winter,Innsbruck,27.0,55.0,43.0,12.0,3.0,AUT,False,0
1964 Winter Olympics,37,1964,Democratic People's Republic of Korea,PRK,0,1,0,1,1964 Winter,Innsbruck,10.0,13.0,6.0,7.0,1.0,AUT,False,0
1964 Winter Olympics,37,1964,Italy,ITA,0,1,3,4,1964 Winter,Innsbruck,25.0,61.0,53.0,8.0,4.0,AUT,False,0
1964 Winter Olympics,37,1964,United States,USA,1,2,4,7,1964 Winter,Innsbruck,31.0,90.0,71.0,19.0,7.0,AUT,False,0
1964 Winter Olympics,37,1964,Czechoslovakia,TCH,0,0,1,1,1964 Winter,Innsbruck,25.0,46.0,36.0,10.0,1.0,AUT,False,0
1964 Winter Olympics,37,1964,Germany,GER,3,3,3,9,1964 Winter,Innsbruck,34.0,96.0,73.0,23.0,9.0,AUT,False,0
1964 Winter Olympics,37,1964,France,FRA,3,4,0,7,1964 Winter,Innsbruck,18.0,24.0,15.0,9.0,7.0,AUT,False,0
1964 Winter Olympics,37,1964,Finland,FIN,3,4,3,10,1964 Winter,Innsbruck,23.0,51.0,45.0,6.0,10.0,AUT,False,0
1964 Winter Olympics,37,1964,Norway,NOR,3,6,6,15,1964 Winter,Innsbruck,24.0,58.0,51.0,7.0,15.0,AUT,False,0
1964 Winter Olympics,37,1964,Austria,AUT,4,5,3,12,1964 Winter,Innsbruck,29.0,83.0,69.0,14.0,12.0,AUT,True,1
1964 Winter Olympics,37,1964,Soviet Union,URS,11,8,6,25,1964 Winter,Innsbruck,27.0,69.0,53.0,16.0,24.0,AUT,False,0
1964 Winter Olympics,37,1964,Sweden,SWE,3,3,1,7,1964 Winter,Innsbruck,25.0,57.0,49.0,8.0,7.0,AUT,False,0
1968 Winter Olympics,38,1968,Romania,ROU,0,0,1,1,1968 Winter,Grenoble,9.0,30.0,29.0,1.0,1.0,FRA,False,0
1968 Winter Olympics,38,1968,Switzerland,SUI,0,2,4,6,1968 Winter,Grenoble,19.0,34.0,29.0,5.0,6.0,FRA,False,0
1968 Winter Olympics,38,1968,Canada,CAN,1,1,1,3,1968 Winter,Grenoble,30.0,70.0,55.0,15.0,3.0,FRA,False,0
1968 Winter Olympics,38,1968,Czechoslovakia,TCH,1,2,1,4,1968 Winter,Grenoble,21.0,48.0,41.0,7.0,4.0,FRA,False,0
1968 Winter Olympics,38,1968,Finland,FIN,1,2,2,5,1968 Winter,Grenoble,24.0,52.0,44.0,8.0,5.0,FRA,False,0
1968 Winter Olympics,38,1968,East Germany,GDR,1,2,2,5,1968 Winter,Grenoble,25.0,57.0,45.0,12.0,5.0,FRA,False,0
1968 Winter Olympics,38,1968,United States,USA,1,5,1,7,1968 Winter,Grenoble,32.0,96.0,75.0,21.0,5.0,FRA,False,0
1968 Winter Olympics,38,1968,West Germany,FRG,2,2,3,7,1968 Winter,Grenoble,35.0,87.0,67.0,20.0,7.0,FRA,False,0
1968 Winter Olympics,38,1968,Sweden,SWE,3,2,3,8,1968 Winter,Grenoble,31.0,68.0,59.0,9.0,8.0,FRA,False,0
1968 Winter Olympics,38,1968,Netherlands,NED,3,3,3,9,1968 Winter,Grenoble,8.0,9.0,4.0,5.0,9.0,FRA,False,0
1968 Winter Olympics,38,1968,Austria,AUT,3,4,4,11,1968 Winter,Grenoble,28.0,76.0,63.0,13.0,11.0,FRA,False,0
1968 Winter Olympics,38,1968,Italy,ITA,4,0,0,4,1968 Winter,Grenoble,24.0,47.0,39.0,8.0,4.0,FRA,False,0
1968 Winter Olympics,38,1968,France,FRA,4,3,2,9,1968 Winter,Grenoble,31.0,75.0,64.0,11.0,9.0,FRA,True,1
1968 Winter Olympics,38,1968,Soviet Union,URS,5,5,3,13,1968 Winter,Grenoble,30.0,74.0,54.0,20.0,13.0,FRA,False,0
1968 Winter Olympics,38,1968,Norway,NOR,6,6,2,14,1968 Winter,Grenoble,27.0,65.0,54.0,11.0,14.0,FRA,False,0
1972 Winter Olympics,39,1972,Canada,CAN,0,1,0,1,1972 Winter,Sapporo,28.0,47.0,29.0,18.0,1.0,JPN,False,0
1972 Winter Olympics,39,1972,France,FRA,0,1,2,3,1972 Winter,Sapporo,24.0,40.0,33.0,7.0,3.0,JPN,False,0
1972 Winter Olympics,39,1972,Finland,FIN,0,4,1,5,1972 Winter,Sapporo,21.0,50.0,43.0,7.0,5.0,JPN,False,0
1972 Winter Olympics,39,1972,Spain,ESP,1,0,0,1,1972 Winter,Sapporo,5.0,3.0,2.0,1.0,1.0,JPN,False,0
1972 Winter Olympics,39,1972,Poland,POL,1,0,0,1,1972 Winter,Sapporo,17.0,47.0,39.0,8.0,1.0,JPN,False,0
1972 Winter Olympics,39,1972,Czechoslovakia,TCH,1,0,2,3,1972 Winter,Sapporo,14.0,41.0,37.0,4.0,3.0,JPN,False,0
1972 Winter Olympics,39,1972,Japan,JPN,1,1,1,3,1972 Winter,Sapporo,35.0,85.0,65.0,20.0,3.0,JPN,True,1
1972 Winter Olympics,39,1972,Austria,AUT,1,2,2,5,1972 Winter,Sapporo,21.0,40.0,29.0,11.0,5.0,JPN,False,0
1972 Winter Olympics,39,1972,Sweden,SWE,1,1,2,4,1972 Winter,Sapporo,30.0,58.0,49.0,9.0,4.0,JPN,False,0
1972 Winter Olympics,39,1972,Norway,NOR,2,5,5,12,1972 Winter,Sapporo,29.0,67.0,56.0,11.0,12.0,JPN,False,0
1972 Winter Olympics,39,1972,West Germany,FRG,3,1,1,5,1972 Winter,Sapporo,32.0,78.0,62.0,16.0,5.0,JPN,False,0
1972 Winter Olympics,39,1972,United States,USA,3,2,3,8,1972 Winter,Sapporo,35.0,103.0,77.0,26.0,8.0,JPN,False,0
1972 Winter Olympics,39,1972,Netherlands,NED,4,3,2,9,1972 Winter,Sapporo,9.0,11.0,5.0,6.0,9.0,JPN,False,0
1972 Winter Olympics,39,1972,Switzerland,SUI,4,3,3,10,1972 Winter,Sapporo,16.0,52.0,46.0,6.0,10.0,JPN,False,0
1972 Winter Olympics,39,1972,East Germany,GDR,4,3,7,14,1972 Winter,Sapporo,22.0,42.0,29.0,13.0,14.0,JPN,False,0
1972 Winter Olympics,39,1972,Soviet Union,URS,8,5,3,16,1972 Winter,Sapporo,33.0,76.0,55.0,21.0,16.0,JPN,False,0
1972 Winter Olympics,39,1972,Italy,ITA,2,2,1,5,1972 Winter,Sapporo,21.0,44.0,41.0,3.0,5.0,JPN,False,0
1976 Winter Olympics,40,1976,Netherlands,NED,1,2,3,6,1976 Winter,Innsbruck,10.0,7.0,3.0,4.0,6.0,AUT,False,0
1976 Winter Olympics,40,1976,France,FRA,0,0,1,1,1976 Winter,Innsbruck,20.0,35.0,29.0,6.0,1.0,AUT,False,0
1976 Winter Olympics,40,1976,Sweden,SWE,0,0,2,2,1976 Winter,Innsbruck,27.0,39.0,30.0,9.0,2.0,AUT,False,0
1976 Winter Olympics,40,1976,Liechtenstein,LIE,0,0,2,2,1976 Winter,Innsbruck,10.0,9.0,6.0,3.0,2.0,AUT,False,0
1976 Winter Olympics,40,1976,Czechoslovakia,TCH,0,1,0,1,1976 Winter,Innsbruck,27.0,58.0,47.0,11.0,1.0,AUT,False,0
1976 Winter Olympics,40,1976,Great Britain,GBR,1,0,0,1,1976 Winter,Innsbruck,22.0,42.0,31.0,11.0,1.0,AUT,False,0
1976 Winter Olympics,40,1976,Canada,CAN,1,1,1,3,1976 Winter,Innsbruck,33.0,59.0,38.0,21.0,3.0,AUT,False,0
1976 Winter Olympics,40,1976,Italy,ITA,1,2,1,4,1976 Winter,Innsbruck,27.0,58.0,47.0,11.0,4.0,AUT,False,0
1976 Winter Olympics,40,1976,Finland,FIN,2,4,1,7,1976 Winter,Innsbruck,26.0,47.0,38.0,9.0,7.0,AUT,False,0
1976 Winter Olympics,40,1976,Austria,AUT,2,2,2,6,1976 Winter,Innsbruck,32.0,77.0,63.0,14.0,6.0,AUT,True,1
1976 Winter Olympics,40,1976,West Germany,FRG,2,5,3,10,1976 Winter,Innsbruck,31.0,71.0,56.0,15.0,10.0,AUT,False,0
1976 Winter Olympics,40,1976,Norway,NOR,3,3,1,7,1976 Winter,Innsbruck,29.0,41.0,34.0,7.0,7.0,AUT,False,0
1976 Winter Olympics,40,1976,United States,USA,3,3,4,10,1976 Winter,Innsbruck,37.0,106.0,76.0,30.0,10.0,AUT,False,0
1976 Winter Olympics,40,1976,East Germany,GDR,7,5,7,19,1976 Winter,Innsbruck,28.0,59.0,40.0,19.0,19.0,AUT,False,0
1976 Winter Olympics,40,1976,Soviet Union,URS,13,6,8,27,1976 Winter,Innsbruck,35.0,79.0,59.0,20.0,27.0,AUT,False,0
1976 Winter Olympics,40,1976,Switzerland,SUI,1,3,1,5,1976 Winter,Innsbruck,22.0,59.0,52.0,7.0,5.0,AUT,False,0
1980 Winter Olympics,41,1980,Canada,CAN,0,1,1,2,1980 Winter,Lake Placid,26.0,59.0,41.0,18.0,2.0,USA,False,0
1980 Winter Olympics,41,1980,Italy,ITA,0,2,0,2,1980 Winter,Lake Placid,28.0,46.0,34.0,12.0,2.0,USA,False,0
1980 Winter Olympics,41,1980,Hungary,HUN,0,1,0,1,1980 Winter,Lake Placid,1.0,2.0,1.0,1.0,1.0,USA,False,0
1980 Winter Olympics,41,1980,West Germany,FRG,0,2,3,5,1980 Winter,Lake Placid,34.0,80.0,61.0,19.0,5.0,USA,False,0
1980 Winter Olympics,41,1980,Japan,JPN,0,1,0,1,1980 Winter,Lake Placid,27.0,50.0,46.0,4.0,1.0,USA,False,0
1980 Winter Olympics,41,1980,Bulgaria,BUL,0,0,1,1,1980 Winter,Lake Placid,6.0,8.0,8.0,0.0,1.0,USA,False,0
1980 Winter Olympics,41,1980,Czechoslovakia,TCH,0,0,1,1,1980 Winter,Lake Placid,23.0,41.0,34.0,7.0,1.0,USA,False,0
1980 Winter Olympics,41,1980,France,FRA,0,0,1,1,1980 Winter,Lake Placid,16.0,22.0,16.0,6.0,1.0,USA,False,0
1980 Winter Olympics,41,1980,Great Britain,GBR,1,0,0,1,1980 Winter,Lake Placid,28.0,48.0,36.0,12.0,1.0,USA,False,0
1980 Winter Olympics,41,1980,Austria,AUT,3,2,2,7,1980 Winter,Lake Placid,18.0,43.0,33.0,10.0,7.0,USA,False,0
1980 Winter Olympics,41,1980,Netherlands,NED,1,2,1,4,1980 Winter,Lake Placid,10.0,29.0,25.0,4.0,4.0,USA,False,0
1980 Winter Olympics,41,1980,Soviet Union,URS,10,6,6,22,1980 Winter,Lake Placid,35.0,86.0,63.0,23.0,22.0,USA,False,0
1980 Winter Olympics,41,1980,East Germany,GDR,9,7,7,23,1980 Winter,Lake Placid,29.0,53.0,36.0,17.0,23.0,USA,False,0
1980 Winter Olympics,41,1980,United States,USA,6,4,2,12,1980 Winter,Lake Placid,38.0,101.0,76.0,25.0,12.0,USA,True,1
1980 Winter Olympics,41,1980,Switzerland,SUI,1,1,3,5,1980 Winter,Lake Placid,23.0,44.0,33.0,11.0,5.0,USA,False,0
1980 Winter Olympics,41,1980,Liechtenstein,LIE,2,2,0,4,1980 Winter,Lake Placid,8.0,7.0,4.0,3.0,4.0,USA,False,0
1980 Winter Olympics,41,1980,Finland,FIN,1,5,3,9,1980 Winter,Lake Placid,24.0,52.0,44.0,8.0,9.0,USA,False,0
1980 Winter Olympics,41,1980,Norway,NOR,1,3,6,10,1980 Winter,Lake Placid,28.0,63.0,54.0,9.0,10.0,USA,False,0
1980 Winter Olympics,41,1980,Sweden,SWE,3,0,1,4,1980 Winter,Lake Placid,32.0,61.0,49.0,12.0,4.0,USA,False,0
1984 Winter Olympics,42,1984,Great Britain,GBR,1,0,0,1,1984 Winter,Sarajevo,26.0,50.0,37.0,13.0,1.0,YUG,False,0
1984 Winter Olympics,42,1984,Austria,AUT,0,0,1,1,1984 Winter,Sarajevo,27.0,65.0,58.0,7.0,1.0,YUG,False,0
1984 Winter Olympics,42,1984,Liechtenstein,LIE,0,0,2,2,1984 Winter,Sarajevo,8.0,10.0,7.0,3.0,2.0,YUG,False,0
1984 Winter Olympics,42,1984,Yugoslavia,YUG,0,1,0,1,1984 Winter,Sarajevo,34.0,72.0,59.0,13.0,1.0,YUG,True,1
1984 Winter Olympics,42,1984,Japan,JPN,0,1,0,1,1984 Winter,Sarajevo,29.0,39.0,32.0,7.0,1.0,YUG,False,0
1984 Winter Olympics,42,1984,France,FRA,0,1,2,3,1984 Winter,Sarajevo,24.0,32.0,22.0,10.0,3.0,YUG,False,0
1984 Winter Olympics,42,1984,Czechoslovakia,TCH,0,2,4,6,1984 Winter,Sarajevo,22.0,50.0,38.0,12.0,6.0,YUG,False,0
1984 Winter Olympics,42,1984,Italy,ITA,2,0,0,2,1984 Winter,Sarajevo,33.0,74.0,59.0,15.0,2.0,YUG,False,0
1984 Winter Olympics,42,1984,Canada,CAN,2,1,1,4,1984 Winter,Sarajevo,30.0,67.0,47.0,20.0,4.0,YUG,False,0
1984 Winter Olympics,42,1984,Switzerland,SUI,2,2,1,5,1984 Winter,Sarajevo,25.0,42.0,29.0,13.0,5.0,YUG,False,0
1984 Winter Olympics,42,1984,Norway,NOR,3,2,4,9,1984 Winter,Sarajevo,28.0,58.0,50.0,8.0,9.0,YUG,False,0
1984 Winter Olympics,42,1984,Sweden,SWE,4,2,2,8,1984 Winter,Sarajevo,29.0,60.0,51.0,9.0,8.0,YUG,False,0
1984 Winter Olympics,42,1984,Finland,FIN,4,3,6,13,1984 Winter,Sarajevo,20.0,45.0,40.0,5.0,13.0,YUG,False,0
1984 Winter Olympics,42,1984,United States,USA,4,4,0,8,1984 Winter,Sarajevo,39.0,107.0,77.0,30.0,8.0,YUG,False,0
1984 Winter Olympics,42,1984,Soviet Union,URS,6,10,9,25,1984 Winter,Sarajevo,38.0,99.0,74.0,25.0,25.0,YUG,False,0
1984 Winter Olympics,42,1984,East Germany,GDR,9,9,6,24,1984 Winter,Sarajevo,31.0,56.0,40.0,16.0,24.0,YUG,False,0
1984 Winter Olympics,42,1984,West Germany,FRG,2,1,1,4,1984 Winter,Sarajevo,37.0,84.0,69.0,15.0,4.0,YUG,False,0
1988 Winter Olympics,43,1988,France,FRA,1,0,1,2,1988 Winter,Calgary,35.0,68.0,53.0,15.0,2.0,CAN,False,0
1988 Winter Olympics,43,1988,Liechtenstein,LIE,0,0,1,1,1988 Winter,Calgary,14.0,13.0,11.0,2.0,1.0,CAN,False,0
1988 Winter Olympics,43,1988,Japan,JPN,0,0,1,1,1988 Winter,Calgary,40.0,48.0,37.0,11.0,1.0,CAN,False,0
1988 Winter Olympics,43,1988,Czechoslovakia,TCH,0,1,2,3,1988 Winter,Calgary,36.0,59.0,49.0,10.0,3.0,CAN,False,0
1988 Winter Olympics,43,1988,Yugoslavia,YUG,0,2,1,3,1988 Winter,Calgary,22.0,22.0,16.0,6.0,3.0,CAN,False,0
1988 Winter Olympics,43,1988,Canada,CAN,0,2,3,5,1988 Winter,Calgary,45.0,112.0,82.0,30.0,5.0,CAN,True,1
1988 Winter Olympics,43,1988,Norway,NOR,0,3,2,5,1988 Winter,Calgary,32.0,63.0,53.0,10.0,5.0,CAN,False,0
1988 Winter Olympics,43,1988,Italy,ITA,2,1,2,5,1988 Winter,Calgary,35.0,58.0,42.0,16.0,5.0,CAN,False,0
1988 Winter Olympics,43,1988,Soviet Union,URS,11,9,9,29,1988 Winter,Calgary,40.0,101.0,78.0,23.0,29.0,CAN,False,0
1988 Winter Olympics,43,1988,West Germany,FRG,2,4,2,8,1988 Winter,Calgary,44.0,90.0,71.0,19.0,8.0,CAN,False,0
1988 Winter Olympics,43,1988,Netherlands,NED,3,2,2,7,1988 Winter,Calgary,10.0,11.0,6.0,5.0,7.0,CAN,False,0
1988 Winter Olympics,43,1988,Austria,AUT,3,5,2,10,1988 Winter,Calgary,40.0,81.0,66.0,15.0,10.0,CAN,False,0
1988 Winter Olympics,43,1988,Sweden,SWE,4,0,2,6,1988 Winter,Calgary,34.0,67.0,54.0,13.0,6.0,CAN,False,0
1988 Winter Olympics,43,1988,Finland,FIN,4,1,2,7,1988 Winter,Calgary,22.0,53.0,46.0,7.0,7.0,CAN,False,0
1988 Winter Olympics,43,1988,Switzerland,SUI,5,5,5,15,1988 Winter,Calgary,28.0,70.0,56.0,14.0,15.0,CAN,False,0
1988 Winter Olympics,43,1988,East Germany,GDR,9,10,6,25,1988 Winter,Calgary,32.0,53.0,36.0,17.0,25.0,CAN,False,0
1988 Winter Olympics,43,1988,United States,USA,2,1,3,6,1988 Winter,Calgary,46.0,117.0,86.0,31.0,6.0,CAN,False,0
1992 Winter Olympics,44,1992,Sweden,SWE,1,0,3,4,1992 Winter,Albertville,39.0,73.0,56.0,17.0,4.0,FRA,False,0
1992 Winter Olympics,44,1992,Switzerland,SUI,1,0,2,3,1992 Winter,Albertville,31.0,74.0,57.0,17.0,3.0,FRA,False,0
1992 Winter Olympics,44,1992,People's Republic of China,CHN,0,3,0,3,1992 Winter,Albertville,32.0,32.0,12.0,20.0,3.0,FRA,False,0
1992 Winter Olympics,44,1992,Luxembourg,LUX,0,2,0,2,1992 Winter,Albertville,5.0,1.0,1.0,0.0,2.0,FRA,False,0
1992 Winter Olympics,44,1992,Spain,ESP,0,0,1,1,1992 Winter,Albertville,15.0,17.0,13.0,4.0,1.0,FRA,False,0
1992 Winter Olympics,44,1992,Czechoslovakia,TCH,0,0,3,3,1992 Winter,Albertville,44.0,74.0,55.0,19.0,3.0,FRA,False,0
1992 Winter Olympics,44,1992,Democratic People's Republic of Korea,PRK,0,0,1,1,1992 Winter,Albertville,21.0,20.0,9.0,11.0,1.0,FRA,False,0
1992 Winter Olympics,44,1992,Netherlands,NED,1,1,2,4,1992 Winter,Albertville,13.0,19.0,9.0,10.0,4.0,FRA,False,0
1992 Winter Olympics,44,1992,New Zealand,NZL,0,1,0,1,1992 Winter,Albertville,6.0,6.0,5.0,1.0,1.0,FRA,False,0
1992 Winter Olympics,44,1992,Japan,JPN,1,2,4,7,1992 Winter,Albertville,50.0,60.0,40.0,20.0,7.0,FRA,False,0
1992 Winter Olympics,44,1992,Finland,FIN,3,1,3,7,1992 Winter,Albertville,30.0,62.0,49.0,13.0,7.0,FRA,False,0
1992 Winter Olympics,44,1992,Canada,CAN,2,3,2,7,1992 Winter,Albertville,51.0,108.0,79.0,29.0,7.0,FRA,False,0
1992 Winter Olympics,44,1992,Republic of Korea,KOR,2,1,1,4,1992 Winter,Albertville,23.0,23.0,19.0,4.0,4.0,FRA,False,0
1992 Winter Olympics,44,1992,France,FRA,3,5,1,9,1992 Winter,Albertville,49.0,109.0,79.0,30.0,9.0,FRA,True,1
1992 Winter Olympics,44,1992,Italy,ITA,4,6,4,14,1992 Winter,Albertville,49.0,107.0,79.0,28.0,14.0,FRA,False,0
1992 Winter Olympics,44,1992,United States,USA,5,4,2,11,1992 Winter,Albertville,56.0,148.0,98.0,50.0,11.0,FRA,False,0
1992 Winter Olympics,44,1992,Austria,AUT,6,7,8,21,1992 Winter,Albertville,38.0,58.0,45.0,13.0,21.0,FRA,False,0
1992 Winter Olympics,44,1992,Norway,NOR,9,6,5,20,1992 Winter,Albertville,45.0,79.0,60.0,19.0,17.0,FRA,False,0
1992 Winter Olympics,44,1992,Unified Team,EUN,9,6,8,23,1992 Winter,Albertville,52.0,129.0,86.0,43.0,23.0,FRA,False,0
1992 Winter Olympics,44,1992,Germany,GER,10,10,6,26,1992 Winter,Albertville,51.0,111.0,75.0,36.0,26.0,FRA,False,0
1994 Winter Olympics,45,1994,Belarus,BLR,0,2,0,2,1994 Winter,Lillehammer,29.0,33.0,21.0,12.0,2.0,NOR,False,0
1994 Winter Olympics,45,1994,Finland,FIN,0,1,5,6,1994 Winter,Lillehammer,31.0,61.0,47.0,14.0,6.0,NOR,False,0
1994 Winter Olympics,45,1994,France,FRA,0,1,4,5,1994 Winter,Lillehammer,45.0,98.0,68.0,30.0,5.0,NOR,False,0
1994 Winter Olympics,45,1994,Netherlands,NED,0,1,3,4,1994 Winter,Lillehammer,17.0,21.0,13.0,8.0,4.0,NOR,False,0
1994 Winter Olympics,45,1994,Australia,AUS,0,0,1,1,1994 Winter,Lillehammer,26.0,25.0,18.0,7.0,1.0,NOR,False,0
1994 Winter Olympics,45,1994,Slovenia,SLO,0,0,3,3,1994 Winter,Lillehammer,18.0,22.0,17.0,5.0,3.0,NOR,False,0
1994 Winter Olympics,45,1994,Great Britain,GBR,0,0,2,2,1994 Winter,Lillehammer,27.0,32.0,25.0,7.0,2.0,NOR,False,0
1994 Winter Olympics,45,1994,Uzbekistan,UZB,1,0,0,1,1994 Winter,Lillehammer,4.0,7.0,3.0,4.0,1.0,NOR,False,0
1994 Winter Olympics,45,1994,People's Republic of China,CHN,0,1,2,3,1994 Winter,Lillehammer,17.0,24.0,7.0,17.0,3.0,NOR,False,0
1994 Winter Olympics,45,1994,Kazakhstan,KAZ,1,2,0,3,1994 Winter,Lillehammer,32.0,29.0,19.0,10.0,3.0,NOR,False,0
1994 Winter Olympics,45,1994,Ukraine,UKR,1,0,1,2,1994 Winter,Lillehammer,32.0,37.0,20.0,17.0,2.0,NOR,False,0
1994 Winter Olympics,45,1994,Sweden,SWE,2,1,0,3,1994 Winter,Lillehammer,45.0,84.0,64.0,20.0,3.0,NOR,False,0
1994 Winter Olympics,45,1994,Austria,AUT,2,3,4,9,1994 Winter,Lillehammer,38.0,80.0,65.0,15.0,9.0,NOR,False,0
1994 Winter Olympics,45,1994,Switzerland,SUI,3,4,2,9,1994 Winter,Lillehammer,35.0,59.0,41.0,18.0,9.0,NOR,False,0
1994 Winter Olympics,45,1994,Canada,CAN,3,6,4,13,1994 Winter,Lillehammer,47.0,95.0,66.0,29.0,13.0,NOR,False,0
1994 Winter Olympics,45,1994,Republic of Korea,KOR,4,1,1,6,1994 Winter,Lillehammer,19.0,21.0,11.0,10.0,6.0,NOR,False,0
1994 Winter Olympics,45,1994,United States,USA,6,5,2,13,1994 Winter,Lillehammer,59.0,148.0,96.0,52.0,13.0,NOR,False,0
1994 Winter Olympics,45,1994,Italy,ITA,7,5,8,20,1994 Winter,Lillehammer,53.0,104.0,78.0,26.0,20.0,NOR,False,0
1994 Winter Olympics,45,1994,Germany,GER,9,7,8,24,1994 Winter,Lillehammer,48.0,112.0,79.0,33.0,24.0,NOR,False,0
1994 Winter Olympics,45,1994,Norway,NOR,10,11,5,26,1994 Winter,Lillehammer,48.0,87.0,66.0,21.0,23.0,NOR,True,1
1994 Winter Olympics,45,1994,Russian Federation,RUS,11,8,4,23,1994 Winter,Lillehammer,56.0,113.0,75.0,38.0,23.0,NOR,False,0
1994 Winter Olympics,45,1994,Japan,JPN,1,2,2,5,1994 Winter,Lillehammer,49.0,59.0,43.0,16.0,5.0,NOR,False,0
1998 Winter Olympics,46,1998,Bulgaria,BUL,1,0,0,1,1998 Winter,Nagano,22.0,19.0,8.0,11.0,1.0,JPN,False,0
1998 Winter Olympics,46,1998,People's Republic of China,CHN,0,6,2,8,1998 Winter,Nagano,29.0,57.0,15.0,42.0,8.0,JPN,False,0
1998 Winter Olympics,46,1998,Sweden,SWE,0,2,1,3,1998 Winter,Nagano,42.0,99.0,53.0,46.0,3.0,JPN,False,0
1998 Winter Olympics,46,1998,Denmark,DEN,0,1,0,1,1998 Winter,Nagano,14.0,12.0,5.0,7.0,1.0,JPN,False,0
1998 Winter Olympics,46,1998,Ukraine,UKR,0,1,0,1,1998 Winter,Nagano,41.0,56.0,30.0,26.0,1.0,JPN,False,0
1998 Winter Olympics,46,1998,Great Britain,GBR,0,0,1,1,1998 Winter,Nagano,19.0,34.0,27.0,7.0,1.0,JPN,False,0
1998 Winter Olympics,46,1998,Kazakhstan,KAZ,0,0,2,2,1998 Winter,Nagano,34.0,60.0,45.0,15.0,2.0,JPN,False,0
1998 Winter Olympics,46,1998,Australia,AUS,0,0,1,1,1998 Winter,Nagano,22.0,23.0,15.0,8.0,1.0,JPN,False,0
1998 Winter Olympics,46,1998,Belgium,BEL,0,0,1,1,1998 Winter,Nagano,3.0,1.0,1.0,0.0,1.0,JPN,False,0
1998 Winter Olympics,46,1998,Czechia,CZE,1,1,1,3,1998 Winter,Nagano,36.0,61.0,48.0,13.0,3.0,JPN,False,0
1998 Winter Olympics,46,1998,Belarus,BLR,0,0,2,2,1998 Winter,Nagano,29.0,59.0,44.0,15.0,2.0,JPN,False,0
1998 Winter Olympics,46,1998,France,FRA,2,1,5,8,1998 Winter,Nagano,47.0,106.0,75.0,31.0,8.0,JPN,False,0
1998 Winter Olympics,46,1998,Russian Federation,RUS,9,6,3,18,1998 Winter,Nagano,52.0,122.0,79.0,43.0,18.0,JPN,False,0
1998 Winter Olympics,46,1998,Finland,FIN,2,4,6,12,1998 Winter,Nagano,34.0,85.0,51.0,34.0,12.0,JPN,False,0
1998 Winter Olympics,46,1998,Italy,ITA,2,6,2,10,1998 Winter,Nagano,54.0,113.0,79.0,34.0,10.0,JPN,False,0
1998 Winter Olympics,46,1998,Republic of Korea,KOR,3,1,2,6,1998 Winter,Nagano,28.0,37.0,26.0,11.0,6.0,JPN,False,0
1998 Winter Olympics,46,1998,Austria,AUT,3,5,9,17,1998 Winter,Nagano,48.0,96.0,73.0,23.0,17.0,JPN,False,0
1998 Winter Olympics,46,1998,Japan,JPN,5,1,4,10,1998 Winter,Nagano,65.0,156.0,92.0,64.0,10.0,JPN,True,1
1998 Winter Olympics,46,1998,Netherlands,NED,5,4,2,11,1998 Winter,Nagano,16.0,22.0,10.0,12.0,11.0,JPN,False,0
1998 Winter Olympics,46,1998,United States,USA,6,3,4,13,1998 Winter,Nagano,68.0,186.0,105.0,81.0,13.0,JPN,False,0
1998 Winter Olympics,46,1998,Canada,CAN,6,5,4,15,1998 Winter,Nagano,55.0,144.0,81.0,63.0,15.0,JPN,False,0
1998 Winter Olympics,46,1998,Norway,NOR,10,10,5,25,1998 Winter,Nagano,48.0,75.0,48.0,27.0,22.0,JPN,False,0
1998 Winter Olympics,46,1998,Germany,GER,12,9,8,29,1998 Winter,Nagano,58.0,125.0,78.0,47.0,29.0,JPN,False,0
1998 Winter Olympics,46,1998,Switzerland,SUI,2,2,3,7,1998 Winter,Nagano,39.0,69.0,50.0,19.0,7.0,JPN,False,0
2002 Winter Olympics,47,2002,Australia,AUS,2,0,0,2,2002 Winter,Salt Lake City,20.0,25.0,13.0,12.0,2.0,USA,False,0
2002 Winter Olympics,47,2002,Czechia,CZE,1,2,0,3,2002 Winter,Salt Lake City,50.0,76.0,57.0,19.0,3.0,USA,False,0
2002 Winter Olympics,47,2002,Estonia,EST,1,1,1,3,2002 Winter,Salt Lake City,20.0,17.0,14.0,3.0,3.0,USA,False,0
2002 Winter Olympics,47,2002,Great Britain,GBR,1,0,1,2,2002 Winter,Salt Lake City,31.0,49.0,31.0,18.0,2.0,USA,False,0
2002 Winter Olympics,47,2002,Sweden,SWE,0,2,5,7,2002 Winter,Salt Lake City,47.0,102.0,56.0,46.0,7.0,USA,False,0
2002 Winter Olympics,47,2002,Slovenia,SLO,0,0,1,1,2002 Winter,Salt Lake City,33.0,40.0,24.0,16.0,1.0,USA,False,0
2002 Winter Olympics,47,2002,Japan,JPN,0,1,1,2,2002 Winter,Salt Lake City,66.0,103.0,59.0,44.0,2.0,USA,False,0
2002 Winter Olympics,47,2002,Poland,POL,0,1,1,2,2002 Winter,Salt Lake City,27.0,27.0,22.0,5.0,2.0,USA,False,0
2002 Winter Olympics,47,2002,Belarus,BLR,0,0,1,1,2002 Winter,Salt Lake City,38.0,64.0,44.0,20.0,1.0,USA,False,0
2002 Winter Olympics,47,2002,Republic of Korea,KOR,2,2,0,4,2002 Winter,Salt Lake City,39.0,46.0,31.0,15.0,4.0,USA,False,0
2002 Winter Olympics,47,2002,Bulgaria,BUL,0,1,2,3,2002 Winter,Salt Lake City,27.0,23.0,13.0,10.0,3.0,USA,False,0
2002 Winter Olympics,47,2002,People's Republic of China,CHN,2,2,4,8,2002 Winter,Salt Lake City,38.0,66.0,21.0,45.0,8.0,USA,False,0
2002 Winter Olympics,47,2002,Canada,CAN,7,3,7,17,2002 Winter,Salt Lake City,64.0,150.0,85.0,65.0,17.0,USA,False,0
2002 Winter Olympics,47,2002,Switzerland,SUI,3,2,6,11,2002 Winter,Salt Lake City,52.0,110.0,80.0,30.0,11.0,USA,False,0
2002 Winter Olympics,47,2002,Norway,NOR,13,5,7,25,2002 Winter,Salt Lake City,49.0,77.0,50.0,27.0,24.0,USA,False,0
2002 Winter Olympics,47,2002,Germany,GER,12,16,8,36,2002 Winter,Salt Lake City,69.0,157.0,88.0,69.0,36.0,USA,False,0
2002 Winter Olympics,47,2002,United States,USA,10,13,11,34,2002 Winter,Salt Lake City,78.0,202.0,115.0,87.0,34.0,USA,True,1
2002 Winter Olympics,47,2002,Russian Federation,RUS,5,4,4,13,2002 Winter,Salt Lake City,62.0,151.0,85.0,66.0,13.0,USA,False,0
2002 Winter Olympics,47,2002,Croatia,CRO,3,1,0,4,2002 Winter,Salt Lake City,18.0,13.0,8.0,5.0,4.0,USA,False,0
2002 Winter Olympics,47,2002,Italy,ITA,4,4,5,13,2002 Winter,Salt Lake City,66.0,109.0,63.0,46.0,13.0,USA,False,0
2002 Winter Olympics,47,2002,Finland,FIN,4,2,1,7,2002 Winter,Salt Lake City,41.0,98.0,62.0,36.0,7.0,USA,False,0
2002 Winter Olympics,47,2002,Netherlands,NED,3,5,0,8,2002 Winter,Salt Lake City,17.0,27.0,14.0,13.0,8.0,USA,False,0
2002 Winter Olympics,47,2002,Austria,AUT,3,4,10,17,2002 Winter,Salt Lake City,40.0,90.0,71.0,19.0,17.0,USA,False,0
2002 Winter Olympics,47,2002,France,FRA,4,5,2,11,2002 Winter,Salt Lake City,54.0,114.0,87.0,27.0,11.0,USA,False,0
2006 Winter Olympics,49,2006,Croatia,CRO,1,2,0,3,2006 Winter,Torino,20.0,23.0,16.0,7.0,3.0,ITA,False,0
2006 Winter Olympics,49,2006,Australia,AUS,1,0,1,2,2006 Winter,Torino,31.0,40.0,23.0,17.0,2.0,ITA,False,0
2006 Winter Olympics,49,2006,Japan,JPN,1,0,0,1,2006 Winter,Torino,70.0,110.0,58.0,52.0,1.0,ITA,False,0
2006 Winter Olympics,49,2006,Finland,FIN,0,6,3,9,2006 Winter,Torino,36.0,90.0,59.0,31.0,9.0,ITA,False,0
2006 Winter Olympics,49,2006,Poland,POL,0,1,1,2,2006 Winter,Torino,47.0,45.0,29.0,16.0,2.0,ITA,False,0
2006 Winter Olympics,49,2006,Bulgaria,BUL,0,1,0,1,2006 Winter,Torino,25.0,21.0,11.0,10.0,1.0,ITA,False,0
2006 Winter Olympics,49,2006,Great Britain,GBR,0,1,0,1,2006 Winter,Torino,30.0,39.0,23.0,16.0,1.0,ITA,False,0
2006 Winter Olympics,49,2006,Slovakia,SVK,0,1,0,1,2006 Winter,Torino,39.0,58.0,45.0,13.0,1.0,ITA,False,0
2006 Winter Olympics,49,2006,Czechia,CZE,1,2,1,4,2006 Winter,Torino,53.0,83.0,63.0,20.0,4.0,ITA,False,0
2006 Winter Olympics,49,2006,Latvia,LAT,0,0,1,1,2006 Winter,Torino,25.0,57.0,49.0,8.0,1.0,ITA,False,0
2006 Winter Olympics,49,2006,Belarus,BLR,0,1,0,1,2006 Winter,Torino,27.0,28.0,14.0,14.0,1.0,ITA,False,0
2006 Winter Olympics,49,2006,Ukraine,UKR,0,0,2,2,2006 Winter,Torino,42.0,52.0,30.0,22.0,2.0,ITA,False,0
2006 Winter Olympics,49,2006,People's Republic of China,CHN,2,4,5,11,2006 Winter,Torino,51.0,73.0,35.0,38.0,11.0,ITA,False,0
2006 Winter Olympics,49,2006,Estonia,EST,3,0,0,3,2006 Winter,Torino,28.0,26.0,17.0,9.0,3.0,ITA,False,0
2006 Winter Olympics,49,2006,Norway,NOR,2,8,9,19,2006 Winter,Torino,47.0,67.0,46.0,21.0,19.0,ITA,False,0
2006 Winter Olympics,49,2006,Germany,GER,11,12,6,29,2006 Winter,Torino,70.0,155.0,94.0,61.0,29.0,ITA,False,0
2006 Winter Olympics,49,2006,United States,USA,9,9,7,25,2006 Winter,Torino,83.0,204.0,117.0,87.0,25.0,ITA,False,0
2006 Winter Olympics,49,2006,Austria,AUT,9,7,7,23,2006 Winter,Torino,42.0,73.0,55.0,18.0,23.0,ITA,False,0
2006 Winter Olympics,49,2006,Canada,CAN,7,10,7,24,2006 Winter,Torino,78.0,191.0,108.0,83.0,24.0,ITA,False,0
2006 Winter Olympics,49,2006,Russian Federation,RUS,8,6,8,22,2006 Winter,Torino,75.0,174.0,100.0,74.0,22.0,ITA,False,0
2006 Winter Olympics,49,2006,Republic of Korea,KOR,6,3,2,11,2006 Winter,Torino,37.0,40.0,26.0,14.0,11.0,ITA,False,0
2006 Winter Olympics,49,2006,Switzerland,SUI,5,4,5,14,2006 Winter,Torino,50.0,125.0,77.0,48.0,14.0,ITA,False,0
2006 Winter Olympics,49,2006,Italy,ITA,5,0,6,11,2006 Winter,Torino,79.0,179.0,106.0,73.0,11.0,ITA,True,1
2006 Winter Olympics,49,2006,France,FRA,3,2,4,9,2006 Winter,Torino,55.0,82.0,50.0,32.0,9.0,ITA,False,0
2006 Winter Olympics,49,2006,Netherlands,NED,3,2,4,9,2006 Winter,Torino,23.0,33.0,16.0,17.0,9.0,ITA,False,0
2006 Winter Olympics,49,2006,Sweden,SWE,7,2,5,14,2006 Winter,Torino,49.0,106.0,63.0,43.0,14.0,ITA,False,0
2010 Winter Olympics,57,2010,Great Britain,GBR,1,0,0,1,2010 Winter,Vancouver,43.0,52.0,28.0,24.0,1.0,CAN,False,0
2010 Winter Olympics,57,2010,Italy,ITA,1,1,3,5,2010 Winter,Vancouver,69.0,109.0,69.0,40.0,5.0,CAN,False,0
2010 Winter Olympics,57,2010,Belarus,BLR,1,1,1,3,2010 Winter,Vancouver,28.0,47.0,33.0,14.0,3.0,CAN,False,0
2010 Winter Olympics,57,2010,Slovakia,SVK,1,1,1,3,2010 Winter,Vancouver,34.0,68.0,38.0,30.0,3.0,CAN,False,0
2010 Winter Olympics,57,2010,Japan,JPN,0,3,2,5,2010 Winter,Vancouver,61.0,91.0,48.0,43.0,5.0,CAN,False,0
2010 Winter Olympics,57,2010,Poland,POL,1,3,2,6,2010 Winter,Vancouver,50.0,46.0,26.0,20.0,6.0,CAN,False,0
2010 Winter Olympics,57,2010,Slovenia,SLO,0,2,1,3,2010 Winter,Vancouver,41.0,47.0,30.0,17.0,3.0,CAN,False,0
2010 Winter Olympics,57,2010,Latvia,LAT,0,2,0,2,2010 Winter,Vancouver,29.0,53.0,44.0,9.0,2.0,CAN,False,0
2010 Winter Olympics,57,2010,Kazakhstan,KAZ,0,1,0,1,2010 Winter,Vancouver,44.0,37.0,21.0,16.0,1.0,CAN,False,0
2010 Winter Olympics,57,2010,Finland,FIN,0,1,4,5,2010 Winter,Vancouver,41.0,91.0,58.0,33.0,5.0,CAN,False,0
2010 Winter Olympics,57,2010,Estonia,EST,0,1,0,1,2010 Winter,Vancouver,26.0,30.0,18.0,12.0,1.0,CAN,False,0
2010 Winter Olympics,57,2010,Croatia,CRO,0,2,1,3,2010 Winter,Vancouver,15.0,19.0,12.0,7.0,3.0,CAN,False,0
2010 Winter Olympics,57,2010,Czechia,CZE,2,0,4,6,2010 Winter,Vancouver,59.0,90.0,68.0,22.0,6.0,CAN,False,0
2010 Winter Olympics,57,2010,United States,USA,9,15,13,37,2010 Winter,Vancouver,84.0,212.0,120.0,92.0,37.0,CAN,False,0
2010 Winter Olympics,57,2010,France,FRA,2,3,6,11,2010 Winter,Vancouver,63.0,104.0,67.0,37.0,11.0,CAN,False,0
2010 Winter Olympics,57,2010,Canada,CAN,14,7,5,26,2010 Winter,Vancouver,83.0,201.0,113.0,88.0,26.0,CAN,True,1
2010 Winter Olympics,57,2010,Germany,GER,10,13,7,30,2010 Winter,Vancouver,77.0,149.0,93.0,56.0,30.0,CAN,False,0
2010 Winter Olympics,57,2010,Norway,NOR,9,8,6,23,2010 Winter,Vancouver,55.0,95.0,70.0,25.0,23.0,CAN,False,0
2010 Winter Olympics,57,2010,Republic of Korea,KOR,6,6,2,14,2010 Winter,Vancouver,38.0,45.0,27.0,18.0,14.0,CAN,False,0
2010 Winter Olympics,57,2010,Switzerland,SUI,6,0,3,9,2010 Winter,Vancouver,56.0,134.0,78.0,56.0,9.0,CAN,False,0
2010 Winter Olympics,57,2010,Australia,AUS,2,1,0,3,2010 Winter,Vancouver,32.0,40.0,20.0,20.0,3.0,CAN,False,0
2010 Winter Olympics,57,2010,Sweden,SWE,5,2,4,11,2010 Winter,Vancouver,44.0,101.0,57.0,44.0,11.0,CAN,False,0
2010 Winter Olympics,57,2010,Austria,AUT,4,6,6,16,2010 Winter,Vancouver,43.0,75.0,49.0,26.0,16.0,CAN,False,0
2010 Winter Olympics,57,2010,Netherlands,NED,4,1,3,8,2010 Winter,Vancouver,22.0,32.0,15.0,17.0,8.0,CAN,False,0
2010 Winter Olympics,57,2010,Russian Federation,RUS,3,5,7,15,2010 Winter,Vancouver,77.0,175.0,94.0,81.0,15.0,CAN,False,0
2010 Winter Olympics,57,2010,People's Republic of China,CHN,5,2,4,11,2010 Winter,Vancouver,44.0,86.0,30.0,56.0,11.0,CAN,False,0
2014 Winter Olympics,58,2014,Japan,JPN,1,4,3,8,2014 Winter,Sochi,59.0,109.0,48.0,61.0,8.0,RUS,False,0
2014 Winter Olympics,58,2014,Finland,FIN,1,3,1,5,2014 Winter,Sochi,41.0,99.0,66.0,33.0,5.0,RUS,False,0
2014 Winter Olympics,58,2014,Great Britain,GBR,1,1,3,5,2014 Winter,Sochi,40.0,53.0,32.0,21.0,4.0,RUS,False,0
2014 Winter Olympics,58,2014,Latvia,LAT,1,1,3,5,2014 Winter,Sochi,32.0,56.0,49.0,7.0,4.0,RUS,False,0
2014 Winter Olympics,58,2014,Ukraine,UKR,1,0,1,2,2014 Winter,Sochi,41.0,42.0,19.0,23.0,2.0,RUS,False,0
2014 Winter Olympics,58,2014,Italy,ITA,0,2,6,8,2014 Winter,Sochi,75.0,110.0,67.0,43.0,8.0,RUS,False,0
2014 Winter Olympics,58,2014,Australia,AUS,0,2,1,3,2014 Winter,Sochi,47.0,60.0,29.0,31.0,3.0,RUS,False,0
2014 Winter Olympics,58,2014,Croatia,CRO,0,1,0,1,2014 Winter,Sochi,16.0,11.0,7.0,4.0,1.0,RUS,False,0
2014 Winter Olympics,58,2014,Kazakhstan,KAZ,0,0,1,1,2014 Winter,Sochi,47.0,50.0,34.0,16.0,1.0,RUS,False,0
2014 Winter Olympics,58,2014,Slovenia,SLO,2,2,4,8,2014 Winter,Sochi,38.0,58.0,43.0,15.0,8.0,RUS,False,0
2014 Winter Olympics,58,2014,Slovakia,SVK,1,0,0,1,2014 Winter,Sochi,38.0,62.0,45.0,17.0,1.0,RUS,False,0
2014 Winter Olympics,58,2014,Sweden,SWE,2,7,6,15,2014 Winter,Sochi,38.0,99.0,56.0,43.0,15.0,RUS,False,0
2014 Winter Olympics,58,2014,Czechia,CZE,2,4,3,9,2014 Winter,Sochi,65.0,87.0,63.0,24.0,8.0,RUS,False,0
2014 Winter Olympics,58,2014,People's Republic of China,CHN,3,4,2,9,2014 Winter,Sochi,45.0,62.0,26.0,36.0,9.0,RUS,False,0
2014 Winter Olympics,58,2014,Republic of Korea,KOR,3,3,2,8,2014 Winter,Sochi,52.0,71.0,41.0,30.0,8.0,RUS,False,0
2014 Winter Olympics,58,2014,Norway,NOR,11,6,9,26,2014 Winter,Sochi,65.0,110.0,78.0,32.0,26.0,RUS,False,0
2014 Winter Olympics,58,2014,Russian Federation,RUS,10,10,9,29,2014 Winter,Sochi,94.0,213.0,125.0,88.0,33.0,RUS,True,1
2014 Winter Olympics,58,2014,Canada,CAN,10,10,5,25,2014 Winter,Sochi,93.0,217.0,121.0,96.0,25.0,RUS,False,0
2014 Winter Olympics,58,2014,Netherlands,NED,8,7,9,24,2014 Winter,Sochi,28.0,39.0,20.0,19.0,24.0,RUS,False,0
2014 Winter Olympics,58,2014,Germany,GER,8,6,5,19,2014 Winter,Sochi,79.0,151.0,76.0,75.0,19.0,RUS,False,0
2014 Winter Olympics,58,2014,United States,USA,9,9,10,28,2014 Winter,Sochi,94.0,222.0,122.0,100.0,28.0,RUS,False,0
2014 Winter Olympics,58,2014,Belarus,BLR,5,0,1,6,2014 Winter,Sochi,31.0,26.0,15.0,11.0,6.0,RUS,False,0
2014 Winter Olympics,58,2014,Austria,AUT,4,8,5,17,2014 Winter,Sochi,70.0,126.0,86.0,40.0,17.0,RUS,False,0
2014 Winter Olympics,58,2014,France,FRA,4,4,7,15,2014 Winter,Sochi,69.0,107.0,68.0,39.0,15.0,RUS,False,0
2014 Winter Olympics,58,2014,Poland,POL,4,1,1,6,2014 Winter,Sochi,58.0,58.0,35.0,23.0,6.0,RUS,False,0
2014 Winter Olympics,58,2014,Switzerland,SUI,7,2,2,11,2014 Winter,Sochi,62.0,152.0,86.0,66.0,11.0,RUS,False,0
2018 Winter Olympics,60,2018,Hungary,HUN,1,0,0,1,2018 Winter,0,0.0,0.0,0.0,0.0,0.0,KOR,False,0
2018 Winter Olympics,60,2018,Finland,FIN,1,1,4,6,2018 Winter,0,0.0,0.0,0.0,0.0,0.0,KOR,False,0
2018 Winter Olympics,60,2018,Great Britain,GBR,1,0,4,5,2018 Winter,0,0.0,0.0,0.0,0.0,0.0,KOR,False,0
2018 Winter Olympics,60,2018,Liechtenstein,LIE,0,0,1,1,2018 Winter,0,0.0,0.0,0.0,0.0,0.0,KOR,False,0
2018 Winter Olympics,60,2018,Poland,POL,1,0,1,2,2018 Winter,0,0.0,0.0,0.0,0.0,0.0,KOR,False,0
2018 Winter Olympics,60,2018,Ukraine,UKR,1,0,0,1,2018 Winter,0,0.0,0.0,0.0,0.0,0.0,KOR,False,0
2018 Winter Olympics,60,2018,Latvia,LAT,0,0,1,1,2018 Winter,0,0.0,0.0,0.0,0.0,0.0,KOR,False,0
2018 Winter Olympics,60,2018,Slovenia,SLO,0,1,1,2,2018 Winter,0,0.0,0.0,0.0,0.0,0.0,KOR,False,0
2018 Winter Olympics,60,2018,Belgium,BEL,0,1,0,1,2018 Winter,0,0.0,0.0,0.0,0.0,0.0,KOR,False,0
2018 Winter Olympics,60,2018,New Zealand,NZL,0,0,2,2,2018 Winter,0,0.0,0.0,0.0,0.0,0.0,KOR,False,0
2018 Winter Olympics,60,2018,Spain,ESP,0,0,2,2,2018 Winter,0,0.0,0.0,0.0,0.0,0.0,KOR,False,0
2018 Winter Olympics,60,2018,Kazakhstan,KAZ,0,0,1,1,2018 Winter,0,0.0,0.0,0.0,0.0,0.0,KOR,False,0
2018 Winter Olympics,60,2018,Slovakia,SVK,1,2,0,3,2018 Winter,0,0.0,0.0,0.0,0.0,0.0,KOR,False,0
2018 Winter Olympics,60,2018,Australia,AUS,0,2,1,3,2018 Winter,0,0.0,0.0,0.0,0.0,0.0,KOR,False,0
2018 Winter Olympics,60,2018,People's Republic of China,CHN,1,6,2,9,2018 Winter,0,0.0,0.0,0.0,0.0,0.0,KOR,False,0
2018 Winter Olympics,60,2018,Japan,JPN,4,5,4,13,2018 Winter,0,0.0,0.0,0.0,0.0,0.0,KOR,False,0
2018 Winter Olympics,60,2018,Czechia,CZE,2,2,3,7,2018 Winter,0,0.0,0.0,0.0,0.0,0.0,KOR,False,0
2018 Winter Olympics,60,2018,Belarus,BLR,2,1,0,3,2018 Winter,0,0.0,0.0,0.0,0.0,0.0,KOR,False,0
2018 Winter Olympics,60,2018,Norway,NOR,14,14,11,39,2018 Winter,0,0.0,0.0,0.0,0.0,0.0,KOR,False,0
2018 Winter Olympics,60,2018,Germany,GER,14,10,7,31,2018 Winter,0,0.0,0.0,0.0,0.0,0.0,KOR,False,0
2018 Winter Olympics,60,2018,Canada,CAN,11,8,10,29,2018 Winter,0,0.0,0.0,0.0,0.0,0.0,KOR,False,0
2018 Winter Olympics,60,2018,Netherlands,NED,8,6,6,20,2018 Winter,0,0.0,0.0,0.0,0.0,0.0,KOR,False,0
2018 Winter Olympics,60,2018,Sweden,SWE,7,6,1,14,2018 Winter,0,0.0,0.0,0.0,0.0,0.0,KOR,False,0
2018 Winter Olympics,60,2018,United States,USA,9,8,6,23,2018 Winter,0,0.0,0.0,0.0,0.0,0.0,KOR,False,0
2018 Winter Olympics,60,2018,Switzerland,SUI,5,6,4,15,2018 Winter,0,0.0,0.0,0.0,0.0,0.0,KOR,False,0
2018 Winter Olympics,60,2018,France,FRA,5,4,6,15,2018 Winter,0,0.0,0.0,0.0,0.0,0.0,KOR,False,0
2018 Winter Olympics,60,2018,Austria,AUT,5,3,6,14,2018 Winter,0,0.0,0.0,0.0,0.0,0.0,KOR,False,0
2018 Winter Olympics,60,2018,Italy,ITA,3,2,5,10,2018 Winter,0,0.0,0.0,0.0,0.0,0.0,KOR,False,0
2018 Winter Olympics,60,2018,ROC,ROC,2,6,9,17,2018 Winter,0,0.0,0.0,0.0,0.0,0.0,KOR,False,0
2018 Winter Olympics,60,2018,Republic of Korea,KOR,5,8,4,17,2018 Winter,0,0.0,0.0,0.0,0.0,0.0,KOR,True,1
2022 Winter Olympics,62,2022,Hungary,HUN,1,0,2,3,2022 Winter,0,0.0,0.0,0.0,0.0,0.0,CHN,False,0
2022 Winter Olympics,62,2022,New Zealand,NZL,2,1,0,3,2022 Winter,0,0.0,0.0,0.0,0.0,0.0,CHN,False,0
2022 Winter Olympics,62,2022,Australia,AUS,1,2,1,4,2022 Winter,0,0.0,0.0,0.0,0.0,0.0,CHN,False,0
2022 Winter Olympics,62,2022,Great Britain,GBR,1,1,0,2,2022 Winter,0,0.0,0.0,0.0,0.0,0.0,CHN,False,0
2022 Winter Olympics,62,2022,Belgium,BEL,1,0,1,2,2022 Winter,0,0.0,0.0,0.0,0.0,0.0,CHN,False,0
2022 Winter Olympics,62,2022,Estonia,EST,0,0,1,1,2022 Winter,0,0.0,0.0,0.0,0.0,0.0,CHN,False,0
2022 Winter Olympics,62,2022,Slovakia,SVK,1,0,1,2,2022 Winter,0,0.0,0.0,0.0,0.0,0.0,CHN,False,0
2022 Winter Olympics,62,2022,Belarus,BLR,0,2,0,2,2022 Winter,0,0.0,0.0,0.0,0.0,0.0,CHN,False,0
2022 Winter Olympics,62,2022,Spain,ESP,0,1,0,1,2022 Winter,0,0.0,0.0,0.0,0.0,0.0,CHN,False,0
2022 Winter Olympics,62,2022,Ukraine,UKR,0,1,0,1,2022 Winter,0,0.0,0.0,0.0,0.0,0.0,CHN,False,0
2022 Winter Olympics,62,2022,Finland,FIN,2,2,4,8,2022 Winter,0,0.0,0.0,0.0,0.0,0.0,CHN,False,0
2022 Winter Olympics,62,2022,Czechia,CZE,1,0,1,2,2022 Winter,0,0.0,0.0,0.0,0.0,0.0,CHN,False,0
2022 Winter Olympics,62,2022,Slovenia,SLO,2,3,2,7,2022 Winter,0,0.0,0.0,0.0,0.0,0.0,CHN,False,0
2022 Winter Olympics,62,2022,Switzerland,SUI,7,2,6,15,2022 Winter,0,0.0,0.0,0.0,0.0,0.0,CHN,False,0
2022 Winter Olympics,62,2022,Italy,ITA,2,7,8,17,2022 Winter,0,0.0,0.0,0.0,0.0,0.0,CHN,False,0
2022 Winter Olympics,62,2022,Japan,JPN,3,6,9,18,2022 Winter,0,0.0,0.0,0.0,0.0,0.0,CHN,False,0
2022 Winter Olympics,62,2022,Canada,CAN,4,8,14,26,2022 Winter,0,0.0,0.0,0.0,0.0,0.0,CHN,False,0
2022 Winter Olympics,62,2022,France,FRA,5,7,2,14,2022 Winter,0,0.0,0.0,0.0,0.0,0.0,CHN,False,0
2022 Winter Olympics,62,2022,ROC,ROC,6,12,14,32,2022 Winter,0,0.0,0.0,0.0,0.0,0.0,CHN,False,0
2022 Winter Olympics,62,2022,Austria,AUT,7,7,4,18,2022 Winter,0,0.0,0.0,0.0,0.0,0.0,CHN,False,0
2022 Winter Olympics,62,2022,Netherlands,NED,8,5,4,17,2022 Winter,0,0.0,0.0,0.0,0.0,0.0,CHN,False,0
2022 Winter Olympics,62,2022,Sweden,SWE,8,5,5,18,2022 Winter,0,0.0,0.0,0.0,0.0,0.0,CHN,False,0
2022 Winter Olympics,62,2022,United States,USA,8,10,7,25,2022 Winter,0,0.0,0.0,0.0,0.0,0.0,CHN,False,0
2022 Winter Olympics,62,2022,People's Republic of China,CHN,9,4,2,15,2022 Winter,0,0.0,0.0,0.0,0.0,0.0,CHN,True,1
2022 Winter Olympics,62,2022,Germany,GER,12,10,5,27,2022 Winter,0,0.0,0.0,0.0,0.0,0.0,CHN,False,0
2022 Winter Olympics,62,2022,Norway,NOR,16,8,13,37,2022 Winter,0,0.0,0.0,0.0,0.0,0.0,CHN,False,0
2022 Winter Olympics,62,2022,Latvia,LAT,0,0,1,1,2022 Winter,0,0.0,0.0,0.0,0.0,0.0,CHN,False,0
2022 Winter Olympics,62,2022,Republic of Korea,KOR,2,5,2,9,2022 Winter,0,0.0,0.0,0.0,0.0,0.0,CHN,False,0
2022 Winter Olympics,62,2022,Poland,POL,0,0,1,1,2022 Winter,0,0.0,0.0,0.0,0.0,0.0,CHN,False,0
